Potential:0.0;Dendrite1:0;Dendrite2:0;Dendrite3:0;Dendrite4:0;Dendrite5:0;Axon output:0;Pulses in queue:0;time:26;
Potential:0.0;Dendrite1:0;Dendrite2:0;Dendrite3:0;Dendrite4:0;Dendrite5:0;Axon output:0;Pulses in queue:0;time:28;
Potential:0.0;Dendrite1:0;Dendrite2:0;Dendrite3:0;Dendrite4:0;Dendrite5:0;Axon output:0;Pulses in queue:0;time:30;
Potential:0.0;Dendrite1:0;Dendrite2:0;Dendrite3:0;Dendrite4:0;Dendrite5:0;Axon output:0;Pulses in queue:0;time:32;
Potential:0.0;Dendrite1:0;Dendrite2:0;Dendrite3:0;Dendrite4:0;Dendrite5:0;Axon output:0;Pulses in queue:0;time:34;
Potential:0.0;Dendrite1:0;Dendrite2:0;Dendrite3:0;Dendrite4:0;Dendrite5:0;Axon output:0;Pulses in queue:0;time:36;
Potential:0.0;Dendrite1:0;Dendrite2:0;Dendrite3:0;Dendrite4:0;Dendrite5:0;Axon output:0;Pulses in queue:0;time:38;
Potential:0.0;Dendrite1:0;Dendrite2:0;Dendrite3:0;Dendrite4:0;Dendrite5:0;Axon output:0;Pulses in queue:0;time:40;
Potential:0.0;Dendrite1:0;Dendrite2:0;Dendrite3:0;Dendrite4:0;Dendrite5:0;Axon output:0;Pulses in queue:0;time:42;
Potential:0.0;Dendrite1:0;Dendrite2:0;Dendrite3:0;Dendrite4:0;Dendrite5:0;Axon output:0;Pulses in queue:0;time:44;
Potential:0.0;Dendrite1:0;Dendrite2:0;Dendrite3:0;Dendrite4:0;Dendrite5:0;Axon output:0;Pulses in queue:0;time:46;
Potential:0.0;Dendrite1:0;Dendrite2:0;Dendrite3:0;Dendrite4:0;Dendrite5:0;Axon output:0;Pulses in queue:0;time:48;
Potential:0.0;Dendrite1:0;Dendrite2:0;Dendrite3:0;Dendrite4:0;Dendrite5:0;Axon output:0;Pulses in queue:0;time:50;
Potential:0.0;Dendrite1:0;Dendrite2:0;Dendrite3:0;Dendrite4:0;Dendrite5:0;Axon output:0;Pulses in queue:0;time:52;
Potential:0.0;Dendrite1:0;Dendrite2:0;Dendrite3:0;Dendrite4:0;Dendrite5:0;Axon output:0;Pulses in queue:0;time:54;
Potential:0.0;Dendrite1:0;Dendrite2:0;Dendrite3:0;Dendrite4:0;Dendrite5:0;Axon output:0;Pulses in queue:0;time:56;
Potential:0.0;Dendrite1:0;Dendrite2:0;Dendrite3:0;Dendrite4:0;Dendrite5:0;Axon output:0;Pulses in queue:0;time:58;
Potential:0.0;Dendrite1:0;Dendrite2:0;Dendrite3:0;Dendrite4:0;Dendrite5:0;Axon output:0;Pulses in queue:0;time:60;
Potential:0.0;Dendrite1:0;Dendrite2:0;Dendrite3:0;Dendrite4:0;Dendrite5:0;Axon output:0;Pulses in queue:0;time:62;
Potential:0.0;Dendrite1:0;Dendrite2:0;Dendrite3:0;Dendrite4:0;Dendrite5:0;Axon output:0;Pulses in queue:0;time:64;
Potential:0.0;Dendrite1:0;Dendrite2:0;Dendrite3:0;Dendrite4:0;Dendrite5:0;Axon output:0;Pulses in queue:0;time:66;
Potential:0.0;Dendrite1:0;Dendrite2:0;Dendrite3:0;Dendrite4:0;Dendrite5:0;Axon output:0;Pulses in queue:0;time:68;
Potential:0.0;Dendrite1:0;Dendrite2:0;Dendrite3:0;Dendrite4:0;Dendrite5:0;Axon output:0;Pulses in queue:0;time:2;
Potential:0.0;Dendrite1:0;Dendrite2:0;Dendrite3:0;Dendrite4:0;Dendrite5:0;Axon output:0;Pulses in queue:0;time:4;
Potential:0.0;Dendrite1:0;Dendrite2:0;Dendrite3:0;Dendrite4:0;Dendrite5:0;Axon output:0;Pulses in queue:0;time:6;
Potential:0.0;Dendrite1:0;Dendrite2:0;Dendrite3:0;Dendrite4:0;Dendrite5:0;Axon output:0;Pulses in queue:0;time:8;
Potential:0.0;Dendrite1:0;Dendrite2:0;Dendrite3:0;Dendrite4:0;Dendrite5:0;Axon output:0;Pulses in queue:0;time:10;
Potential:0.0;Dendrite1:0;Dendrite2:0;Dendrite3:0;Dendrite4:0;Dendrite5:0;Axon output:0;Pulses in queue:0;time:12;
Potential:0.0;Dendrite1:0;Dendrite2:0;Dendrite3:0;Dendrite4:0;Dendrite5:0;Axon output:0;Pulses in queue:0;time:14;
Potential:0.0;Dendrite1:0;Dendrite2:0;Dendrite3:0;Dendrite4:0;Dendrite5:0;Axon output:0;Pulses in queue:0;time:16;
Potential:0.0;Dendrite1:0;Dendrite2:0;Dendrite3:0;Dendrite4:0;Dendrite5:0;Axon output:0;Pulses in queue:0;time:18;
Potential:0.0;Dendrite1:0;Dendrite2:0;Dendrite3:0;Dendrite4:0;Dendrite5:0;Axon output:0;Pulses in queue:0;time:20;
Potential:0.0;Dendrite1:0;Dendrite2:0;Dendrite3:0;Dendrite4:0;Dendrite5:0;Axon output:0;Pulses in queue:0;time:22;
Potential:0.0;Dendrite1:0;Dendrite2:0;Dendrite3:0;Dendrite4:0;Dendrite5:0;Axon output:0;Pulses in queue:0;time:24;
Potential:0.0;Dendrite1:0;Dendrite2:0;Dendrite3:0;Dendrite4:0;Dendrite5:0;Axon output:0;Pulses in queue:0;time:26;
Potential:0.0;Dendrite1:0;Dendrite2:0;Dendrite3:0;Dendrite4:0;Dendrite5:0;Axon output:0;Pulses in queue:0;time:28;
Potential:0.0;Dendrite1:0;Dendrite2:0;Dendrite3:0;Dendrite4:0;Dendrite5:0;Axon output:0;Pulses in queue:0;time:30;
Potential:0.0;Dendrite1:0;Dendrite2:0;Dendrite3:0;Dendrite4:0;Dendrite5:0;Axon output:0;Pulses in queue:0;time:32;
Potential:0.0;Dendrite1:0;Dendrite2:0;Dendrite3:0;Dendrite4:0;Dendrite5:0;Axon output:0;Pulses in queue:0;time:34;
Potential:0.0;Dendrite1:0;Dendrite2:0;Dendrite3:0;Dendrite4:0;Dendrite5:0;Axon output:0;Pulses in queue:0;time:36;
Potential:0.0;Dendrite1:0;Dendrite2:0;Dendrite3:0;Dendrite4:0;Dendrite5:0;Axon output:0;Pulses in queue:0;time:38;
Potential:0.0;Dendrite1:0;Dendrite2:0;Dendrite3:0;Dendrite4:0;Dendrite5:0;Axon output:0;Pulses in queue:0;time:40;
Potential:0.0;Dendrite1:0;Dendrite2:0;Dendrite3:0;Dendrite4:0;Dendrite5:0;Axon output:0;Pulses in queue:0;time:42;
Potential:0.0;Dendrite1:0;Dendrite2:0;Dendrite3:0;Dendrite4:0;Dendrite5:0;Axon output:0;Pulses in queue:0;time:44;
Potential:0.0;Dendrite1:0;Dendrite2:0;Dendrite3:0;Dendrite4:0;Dendrite5:0;Axon output:0;Pulses in queue:0;time:46;
Potential:0.0;Dendrite1:0;Dendrite2:0;Dendrite3:0;Dendrite4:0;Dendrite5:0;Axon output:0;Pulses in queue:0;time:48;
Potential:0.0;Dendrite1:0;Dendrite2:0;Dendrite3:0;Dendrite4:0;Dendrite5:0;Axon output:0;Pulses in queue:0;time:50;
Potential:0.0;Dendrite1:0;Dendrite2:0;Dendrite3:0;Dendrite4:0;Dendrite5:0;Axon output:0;Pulses in queue:0;time:52;
Potential:0.0;Dendrite1:0;Dendrite2:0;Dendrite3:0;Dendrite4:0;Dendrite5:0;Axon output:0;Pulses in queue:0;time:54;
Potential:0.0;Dendrite1:0;Dendrite2:0;Dendrite3:0;Dendrite4:0;Dendrite5:0;Axon output:0;Pulses in queue:0;time:56;
Potential:0.0;Dendrite1:0;Dendrite2:0;Dendrite3:0;Dendrite4:0;Dendrite5:0;Axon output:0;Pulses in queue:0;time:58;
Potential:0.0;Dendrite1:0;Dendrite2:0;Dendrite3:0;Dendrite4:0;Dendrite5:0;Axon output:0;Pulses in queue:0;time:60;
Potential:0.0;Dendrite1:0;Dendrite2:0;Dendrite3:0;Dendrite4:0;Dendrite5:0;Axon output:0;Pulses in queue:0;time:62;
Potential:0.0;Dendrite1:0;Dendrite2:0;Dendrite3:0;Dendrite4:0;Dendrite5:0;Axon output:0;Pulses in queue:0;time:64;
Potential:0.0;Dendrite1:0;Dendrite2:0;Dendrite3:0;Dendrite4:0;Dendrite5:0;Axon output:0;Pulses in queue:0;time:66;
Potential:0.0;Dendrite1:0;Dendrite2:0;Dendrite3:0;Dendrite4:0;Dendrite5:0;Axon output:0;Pulses in queue:0;time:68;
Potential:0.0;Dendrite1:0;Dendrite2:0;Dendrite3:0;Dendrite4:0;Dendrite5:0;Axon output:0;Pulses in queue:0;time:4;
Potential:0.0;Dendrite1:0;Dendrite2:0;Dendrite3:0;Dendrite4:0;Dendrite5:0;Axon output:0;Pulses in queue:0;time:6;
Potential:0.0;Dendrite1:0;Dendrite2:0;Dendrite3:0;Dendrite4:0;Dendrite5:0;Axon output:0;Pulses in queue:0;time:8;
Potential:0.0;Dendrite1:0;Dendrite2:0;Dendrite3:0;Dendrite4:0;Dendrite5:0;Axon output:0;Pulses in queue:0;time:10;
Potential:0.0;Dendrite1:0;Dendrite2:0;Dendrite3:0;Dendrite4:0;Dendrite5:0;Axon output:0;Pulses in queue:0;time:12;
Potential:0.0;Dendrite1:0;Dendrite2:0;Dendrite3:0;Dendrite4:0;Dendrite5:0;Axon output:0;Pulses in queue:0;time:14;
Potential:0.0;Dendrite1:0;Dendrite2:0;Dendrite3:0;Dendrite4:0;Dendrite5:0;Axon output:0;Pulses in queue:0;time:16;
Potential:0.0;Dendrite1:0;Dendrite2:0;Dendrite3:0;Dendrite4:0;Dendrite5:0;Axon output:0;Pulses in queue:0;time:18;
Potential:0.0;Dendrite1:0;Dendrite2:0;Dendrite3:0;Dendrite4:0;Dendrite5:0;Axon output:0;Pulses in queue:0;time:20;
Potential:0.0;Dendrite1:0;Dendrite2:0;Dendrite3:0;Dendrite4:0;Dendrite5:0;Axon output:0;Pulses in queue:0;time:22;
Potential:0.0;Dendrite1:0;Dendrite2:0;Dendrite3:0;Dendrite4:0;Dendrite5:0;Axon output:0;Pulses in queue:0;time:24;
Potential:0.0;Dendrite1:0;Dendrite2:0;Dendrite3:0;Dendrite4:0;Dendrite5:0;Axon output:0;Pulses in queue:0;time:26;
Potential:0.0;Dendrite1:0;Dendrite2:0;Dendrite3:0;Dendrite4:0;Dendrite5:0;Axon output:0;Pulses in queue:0;time:28;
Potential:0.0;Dendrite1:0;Dendrite2:0;Dendrite3:0;Dendrite4:0;Dendrite5:0;Axon output:0;Pulses in queue:0;time:30;
Potential:0.0;Dendrite1:0;Dendrite2:0;Dendrite3:0;Dendrite4:0;Dendrite5:0;Axon output:0;Pulses in queue:0;time:32;
Potential:0.0;Dendrite1:0;Dendrite2:0;Dendrite3:0;Dendrite4:0;Dendrite5:0;Axon output:0;Pulses in queue:0;time:34;
Potential:0.0;Dendrite1:0;Dendrite2:0;Dendrite3:0;Dendrite4:0;Dendrite5:0;Axon output:0;Pulses in queue:0;time:36;
Potential:0.0;Dendrite1:0;Dendrite2:0;Dendrite3:0;Dendrite4:0;Dendrite5:0;Axon output:0;Pulses in queue:0;time:38;
Potential:0.0;Dendrite1:0;Dendrite2:0;Dendrite3:0;Dendrite4:0;Dendrite5:0;Axon output:0;Pulses in queue:0;time:40;
Potential:0.0;Dendrite1:0;Dendrite2:0;Dendrite3:0;Dendrite4:0;Dendrite5:0;Axon output:0;Pulses in queue:0;time:42;
Potential:0.0;Dendrite1:0;Dendrite2:0;Dendrite3:0;Dendrite4:0;Dendrite5:0;Axon output:0;Pulses in queue:0;time:44;
Potential:0.0;Dendrite1:0;Dendrite2:0;Dendrite3:0;Dendrite4:0;Dendrite5:0;Axon output:0;Pulses in queue:0;time:46;
Potential:0.0;Dendrite1:0;Dendrite2:0;Dendrite3:0;Dendrite4:0;Dendrite5:0;Axon output:0;Pulses in queue:0;time:48;
Potential:0.0;Dendrite1:0;Dendrite2:0;Dendrite3:0;Dendrite4:0;Dendrite5:0;Axon output:0;Pulses in queue:0;time:50;
Potential:0.0;Dendrite1:0;Dendrite2:0;Dendrite3:0;Dendrite4:0;Dendrite5:0;Axon output:0;Pulses in queue:0;time:52;
Potential:0.0;Dendrite1:0;Dendrite2:0;Dendrite3:0;Dendrite4:0;Dendrite5:0;Axon output:0;Pulses in queue:0;time:54;
Potential:0.0;Dendrite1:0;Dendrite2:0;Dendrite3:0;Dendrite4:0;Dendrite5:0;Axon output:0;Pulses in queue:0;time:56;
Potential:0.0;Dendrite1:0;Dendrite2:0;Dendrite3:0;Dendrite4:0;Dendrite5:0;Axon output:0;Pulses in queue:0;time:58;
Potential:0.0;Dendrite1:0;Dendrite2:0;Dendrite3:0;Dendrite4:0;Dendrite5:0;Axon output:0;Pulses in queue:0;time:168;
Potential:0.0;Dendrite1:0;Dendrite2:0;Dendrite3:0;Dendrite4:0;Dendrite5:0;Axon output:0;Pulses in queue:0;time:170;
Potential:0.0;Dendrite1:0;Dendrite2:0;Dendrite3:0;Dendrite4:0;Dendrite5:0;Axon output:0;Pulses in queue:0;time:172;
Potential:0.0;Dendrite1:0;Dendrite2:0;Dendrite3:0;Dendrite4:0;Dendrite5:0;Axon output:0;Pulses in queue:0;time:174;
Potential:0.0;Dendrite1:0;Dendrite2:0;Dendrite3:0;Dendrite4:0;Dendrite5:0;Axon output:0;Pulses in queue:0;time:176;
Potential:0.0;Dendrite1:0;Dendrite2:0;Dendrite3:0;Dendrite4:0;Dendrite5:0;Axon output:0;Pulses in queue:0;time:178;
Potential:0.0;Dendrite1:0;Dendrite2:0;Dendrite3:0;Dendrite4:0;Dendrite5:0;Axon output:0;Pulses in queue:0;time:180;
Potential:0.0;Dendrite1:0;Dendrite2:0;Dendrite3:0;Dendrite4:0;Dendrite5:0;Axon output:0;Pulses in queue:0;time:182;
Potential:0.0;Dendrite1:0;Dendrite2:0;Dendrite3:0;Dendrite4:0;Dendrite5:0;Axon output:0;Pulses in queue:0;time:184;
Potential:0.0;Dendrite1:0;Dendrite2:0;Dendrite3:0;Dendrite4:0;Dendrite5:0;Axon output:0;Pulses in queue:0;time:186;
Potential:0.0;Dendrite1:0;Dendrite2:0;Dendrite3:0;Dendrite4:0;Dendrite5:0;Axon output:0;Pulses in queue:0;time:188;
Potential:0.0;Dendrite1:0;Dendrite2:0;Dendrite3:0;Dendrite4:0;Dendrite5:0;Axon output:0;Pulses in queue:0;time:190;
Potential:0.0;Dendrite1:0;Dendrite2:0;Dendrite3:0;Dendrite4:0;Dendrite5:0;Axon output:0;Pulses in queue:0;time:192;
Potential:0.0;Dendrite1:0;Dendrite2:0;Dendrite3:0;Dendrite4:0;Dendrite5:0;Axon output:0;Pulses in queue:0;time:194;
Potential:0.0;Dendrite1:0;Dendrite2:0;Dendrite3:0;Dendrite4:0;Dendrite5:0;Axon output:0;Pulses in queue:0;time:196;
Potential:0.0;Dendrite1:48;Dendrite2:0;Dendrite3:0;Dendrite4:0;Dendrite5:0;Axon output:215;Pulses in queue:135;time:198;
Potential:-4.0;Dendrite1:31;Dendrite2:0;Dendrite3:0;Dendrite4:0;Dendrite5:0;Axon output:215;Pulses in queue:135;time:200;
Potential:-4.0;Dendrite1:254;Dendrite2:7;Dendrite3:0;Dendrite4:0;Dendrite5:0;Axon output:0;Pulses in queue:135;time:202;
Potential:-4.0;Dendrite1:254;Dendrite2:7;Dendrite3:0;Dendrite4:0;Dendrite5:0;Axon output:0;Pulses in queue:135;time:204;
Potential:-4.0;Dendrite1:254;Dendrite2:7;Dendrite3:0;Dendrite4:0;Dendrite5:0;Axon output:0;Pulses in queue:135;time:206;
Potential:-4.0;Dendrite1:254;Dendrite2:7;Dendrite3:0;Dendrite4:0;Dendrite5:0;Axon output:0;Pulses in queue:135;time:208;
Potential:-4.0;Dendrite1:167;Dendrite2:0;Dendrite3:0;Dendrite4:0;Dendrite5:0;Axon output:0;Pulses in queue:136;time:210;
Potential:18.0;Dendrite1:0;Dendrite2:0;Dendrite3:0;Dendrite4:0;Dendrite5:0;Axon output:0;Pulses in queue:136;time:212;
Potential:18.0;Dendrite1:0;Dendrite2:0;Dendrite3:0;Dendrite4:0;Dendrite5:0;Axon output:0;Pulses in queue:136;time:214;
Potential:18.0;Dendrite1:0;Dendrite2:0;Dendrite3:0;Dendrite4:0;Dendrite5:0;Axon output:0;Pulses in queue:136;time:216;
Potential:18.0;Dendrite1:0;Dendrite2:0;Dendrite3:0;Dendrite4:0;Dendrite5:0;Axon output:0;Pulses in queue:136;time:218;
Potential:18.0;Dendrite1:0;Dendrite2:0;Dendrite3:0;Dendrite4:0;Dendrite5:0;Axon output:0;Pulses in queue:136;time:220;
Potential:18.0;Dendrite1:0;Dendrite2:0;Dendrite3:0;Dendrite4:0;Dendrite5:0;Axon output:0;Pulses in queue:136;time:222;
Potential:18.0;Dendrite1:0;Dendrite2:0;Dendrite3:0;Dendrite4:0;Dendrite5:0;Axon output:0;Pulses in queue:136;time:224;
Potential:18.0;Dendrite1:0;Dendrite2:0;Dendrite3:0;Dendrite4:0;Dendrite5:0;Axon output:0;Pulses in queue:136;time:226;
Potential:18.0;Dendrite1:0;Dendrite2:0;Dendrite3:0;Dendrite4:0;Dendrite5:0;Axon output:0;Pulses in queue:136;time:228;
Potential:18.0;Dendrite1:0;Dendrite2:0;Dendrite3:0;Dendrite4:0;Dendrite5:0;Axon output:0;Pulses in queue:136;time:230;
Potential:18.0;Dendrite1:0;Dendrite2:0;Dendrite3:0;Dendrite4:0;Dendrite5:0;Axon output:0;Pulses in queue:136;time:232;
Potential:18.0;Dendrite1:0;Dendrite2:0;Dendrite3:0;Dendrite4:0;Dendrite5:0;Axon output:0;Pulses in queue:136;time:234;
Potential:18.0;Dendrite1:0;Dendrite2:0;Dendrite3:0;Dendrite4:0;Dendrite5:0;Axon output:0;Pulses in queue:136;time:236;
Potential:18.0;Dendrite1:0;Dendrite2:0;Dendrite3:0;Dendrite4:0;Dendrite5:0;Axon output:0;Pulses in queue:136;time:238;
Potential:18.0;Dendrite1:0;Dendrite2:0;Dendrite3:0;Dendrite4:0;Dendrite5:0;Axon output:0;Pulses in queue:136;time:240;
Potential:18.0;Dendrite1:0;Dendrite2:0;Dendrite3:0;Dendrite4:0;Dendrite5:0;Axon output:0;Pulses in queue:136;time:242;
Potential:18.0;Dendrite1:192;Dendrite2:3;Dendrite3:0;Dendrite4:0;Dendrite5:0;Axon output:0;Pulses in queue:138;time:245;
Potential:10.0;Dendrite1:192;Dendrite2:3;Dendrite3:0;Dendrite4:0;Dendrite5:0;Axon output:0;Pulses in queue:138;time:247;
Potential:10.0;Dendrite1:192;Dendrite2:3;Dendrite3:0;Dendrite4:0;Dendrite5:0;Axon output:0;Pulses in queue:140;time:249;
Potential:2.0;Dendrite1:192;Dendrite2:3;Dendrite3:0;Dendrite4:0;Dendrite5:0;Axon output:0;Pulses in queue:140;time:251;
Potential:2.0;Dendrite1:192;Dendrite2:3;Dendrite3:0;Dendrite4:0;Dendrite5:0;Axon output:0;Pulses in queue:141;time:253;
Potential:24.0;Dendrite1:192;Dendrite2:3;Dendrite3:0;Dendrite4:0;Dendrite5:0;Axon output:0;Pulses in queue:141;time:255;
Potential:24.0;Dendrite1:192;Dendrite2:3;Dendrite3:0;Dendrite4:0;Dendrite5:0;Axon output:0;Pulses in queue:143;time:257;
Potential:16.0;Dendrite1:192;Dendrite2:3;Dendrite3:0;Dendrite4:0;Dendrite5:0;Axon output:0;Pulses in queue:143;time:259;
Potential:16.0;Dendrite1:192;Dendrite2:3;Dendrite3:0;Dendrite4:0;Dendrite5:0;Axon output:0;Pulses in queue:145;time:261;
Potential:8.0;Dendrite1:192;Dendrite2:3;Dendrite3:0;Dendrite4:0;Dendrite5:0;Axon output:0;Pulses in queue:145;time:263;
Potential:8.0;Dendrite1:192;Dendrite2:3;Dendrite3:0;Dendrite4:0;Dendrite5:0;Axon output:0;Pulses in queue:147;time:265;
Potential:0.0;Dendrite1:192;Dendrite2:3;Dendrite3:0;Dendrite4:0;Dendrite5:0;Axon output:0;Pulses in queue:147;time:267;
Potential:0.0;Dendrite1:192;Dendrite2:3;Dendrite3:0;Dendrite4:0;Dendrite5:0;Axon output:0;Pulses in queue:148;time:269;
Potential:22.0;Dendrite1:192;Dendrite2:3;Dendrite3:0;Dendrite4:0;Dendrite5:0;Axon output:0;Pulses in queue:150;time:274;
Potential:14.0;Dendrite1:192;Dendrite2:3;Dendrite3:0;Dendrite4:0;Dendrite5:0;Axon output:0;Pulses in queue:150;time:276;
Potential:14.0;Dendrite1:192;Dendrite2:3;Dendrite3:0;Dendrite4:0;Dendrite5:0;Axon output:0;Pulses in queue:152;time:278;
Potential:6.0;Dendrite1:192;Dendrite2:3;Dendrite3:0;Dendrite4:0;Dendrite5:0;Axon output:0;Pulses in queue:152;time:280;
Potential:6.0;Dendrite1:192;Dendrite2:3;Dendrite3:0;Dendrite4:0;Dendrite5:0;Axon output:0;Pulses in queue:154;time:282;
Potential:-2.0;Dendrite1:192;Dendrite2:3;Dendrite3:0;Dendrite4:0;Dendrite5:0;Axon output:0;Pulses in queue:154;time:284;
Potential:-2.0;Dendrite1:192;Dendrite2:3;Dendrite3:0;Dendrite4:0;Dendrite5:0;Axon output:0;Pulses in queue:155;time:286;
Potential:20.0;Dendrite1:192;Dendrite2:3;Dendrite3:0;Dendrite4:0;Dendrite5:0;Axon output:0;Pulses in queue:155;time:288;
Potential:20.0;Dendrite1:192;Dendrite2:3;Dendrite3:0;Dendrite4:0;Dendrite5:0;Axon output:0;Pulses in queue:157;time:290;
Potential:12.0;Dendrite1:192;Dendrite2:3;Dendrite3:0;Dendrite4:0;Dendrite5:0;Axon output:0;Pulses in queue:157;time:292;
Potential:12.0;Dendrite1:192;Dendrite2:3;Dendrite3:0;Dendrite4:0;Dendrite5:0;Axon output:0;Pulses in queue:159;time:294;
Potential:4.0;Dendrite1:192;Dendrite2:3;Dendrite3:0;Dendrite4:0;Dendrite5:0;Axon output:0;Pulses in queue:159;time:296;
Potential:0.0;Dendrite1:0;Dendrite2:0;Dendrite3:0;Dendrite4:0;Dendrite5:0;Axon output:0;Pulses in queue:0;time:4;
Potential:0.0;Dendrite1:0;Dendrite2:0;Dendrite3:0;Dendrite4:0;Dendrite5:0;Axon output:0;Pulses in queue:0;time:6;
Potential:0.0;Dendrite1:0;Dendrite2:0;Dendrite3:0;Dendrite4:0;Dendrite5:0;Axon output:0;Pulses in queue:0;time:8;
Potential:0.0;Dendrite1:0;Dendrite2:0;Dendrite3:0;Dendrite4:0;Dendrite5:0;Axon output:0;Pulses in queue:0;time:10;
Potential:0.0;Dendrite1:0;Dendrite2:0;Dendrite3:0;Dendrite4:0;Dendrite5:0;Axon output:0;Pulses in queue:0;time:12;
Potential:0.0;Dendrite1:0;Dendrite2:0;Dendrite3:0;Dendrite4:0;Dendrite5:0;Axon output:0;Pulses in queue:0;time:14;
Potential:0.0;Dendrite1:0;Dendrite2:0;Dendrite3:0;Dendrite4:0;Dendrite5:0;Axon output:0;Pulses in queue:0;time:16;
Potential:0.0;Dendrite1:0;Dendrite2:0;Dendrite3:0;Dendrite4:0;Dendrite5:0;Axon output:0;Pulses in queue:0;time:18;
Potential:0.0;Dendrite1:0;Dendrite2:0;Dendrite3:0;Dendrite4:0;Dendrite5:0;Axon output:0;Pulses in queue:0;time:20;
Potential:0.0;Dendrite1:0;Dendrite2:0;Dendrite3:0;Dendrite4:0;Dendrite5:0;Axon output:0;Pulses in queue:0;time:22;
Potential:0.0;Dendrite1:0;Dendrite2:0;Dendrite3:0;Dendrite4:0;Dendrite5:0;Axon output:0;Pulses in queue:0;time:24;
Potential:0.0;Dendrite1:0;Dendrite2:0;Dendrite3:0;Dendrite4:0;Dendrite5:0;Axon output:0;Pulses in queue:0;time:26;
Potential:0.0;Dendrite1:0;Dendrite2:0;Dendrite3:0;Dendrite4:0;Dendrite5:0;Axon output:0;Pulses in queue:0;time:28;
Potential:0.0;Dendrite1:0;Dendrite2:0;Dendrite3:0;Dendrite4:0;Dendrite5:0;Axon output:0;Pulses in queue:0;time:30;
Potential:0.0;Dendrite1:0;Dendrite2:0;Dendrite3:0;Dendrite4:0;Dendrite5:0;Axon output:0;Pulses in queue:0;time:32;
Potential:0.0;Dendrite1:0;Dendrite2:0;Dendrite3:0;Dendrite4:0;Dendrite5:0;Axon output:0;Pulses in queue:0;time:34;
Potential:0.0;Dendrite1:0;Dendrite2:0;Dendrite3:0;Dendrite4:0;Dendrite5:0;Axon output:0;Pulses in queue:0;time:36;
Potential:0.0;Dendrite1:0;Dendrite2:0;Dendrite3:0;Dendrite4:0;Dendrite5:0;Axon output:0;Pulses in queue:0;time:38;
Potential:0.0;Dendrite1:0;Dendrite2:0;Dendrite3:0;Dendrite4:0;Dendrite5:0;Axon output:0;Pulses in queue:0;time:40;
Potential:0.0;Dendrite1:0;Dendrite2:0;Dendrite3:0;Dendrite4:0;Dendrite5:0;Axon output:0;Pulses in queue:0;time:42;
Potential:0.0;Dendrite1:0;Dendrite2:0;Dendrite3:0;Dendrite4:0;Dendrite5:0;Axon output:0;Pulses in queue:0;time:44;
Potential:0.0;Dendrite1:0;Dendrite2:0;Dendrite3:0;Dendrite4:0;Dendrite5:0;Axon output:0;Pulses in queue:0;time:46;
Potential:0.0;Dendrite1:0;Dendrite2:0;Dendrite3:0;Dendrite4:0;Dendrite5:0;Axon output:0;Pulses in queue:0;time:48;
Potential:0.0;Dendrite1:0;Dendrite2:0;Dendrite3:0;Dendrite4:0;Dendrite5:0;Axon output:0;Pulses in queue:0;time:50;
Potential:0.0;Dendrite1:0;Dendrite2:0;Dendrite3:0;Dendrite4:0;Dendrite5:0;Axon output:0;Pulses in queue:0;time:52;
Potential:0.0;Dendrite1:0;Dendrite2:0;Dendrite3:0;Dendrite4:0;Dendrite5:0;Axon output:0;Pulses in queue:0;time:54;
Potential:0.0;Dendrite1:0;Dendrite2:0;Dendrite3:0;Dendrite4:0;Dendrite5:0;Axon output:0;Pulses in queue:0;time:56;
Potential:0.0;Dendrite1:0;Dendrite2:0;Dendrite3:0;Dendrite4:0;Dendrite5:0;Axon output:0;Pulses in queue:0;time:58;
Potential:0.0;Dendrite1:0;Dendrite2:0;Dendrite3:0;Dendrite4:0;Dendrite5:0;Axon output:0;Pulses in queue:0;time:60;
Potential:0.0;Dendrite1:0;Dendrite2:0;Dendrite3:0;Dendrite4:0;Dendrite5:0;Axon output:0;Pulses in queue:0;time:62;
Potential:0.0;Dendrite1:0;Dendrite2:0;Dendrite3:0;Dendrite4:0;Dendrite5:0;Axon output:0;Pulses in queue:0;time:64;
Potential:0.0;Dendrite1:0;Dendrite2:0;Dendrite3:0;Dendrite4:0;Dendrite5:0;Axon output:0;Pulses in queue:0;time:66;
Potential:0.0;Dendrite1:0;Dendrite2:0;Dendrite3:0;Dendrite4:0;Dendrite5:0;Axon output:0;Pulses in queue:0;time:68;
Potential:0.0;Dendrite1:0;Dendrite2:0;Dendrite3:0;Dendrite4:0;Dendrite5:0;Axon output:0;Pulses in queue:0;time:70;
Potential:0.0;Dendrite1:0;Dendrite2:0;Dendrite3:0;Dendrite4:0;Dendrite5:0;Axon output:0;Pulses in queue:0;time:72;
Potential:0.0;Dendrite1:0;Dendrite2:0;Dendrite3:0;Dendrite4:0;Dendrite5:0;Axon output:0;Pulses in queue:0;time:74;
Potential:0.0;Dendrite1:0;Dendrite2:0;Dendrite3:0;Dendrite4:0;Dendrite5:0;Axon output:0;Pulses in queue:0;time:76;
Potential:0.0;Dendrite1:0;Dendrite2:0;Dendrite3:0;Dendrite4:0;Dendrite5:0;Axon output:0;Pulses in queue:0;time:78;
Potential:0.0;Dendrite1:0;Dendrite2:0;Dendrite3:0;Dendrite4:0;Dendrite5:0;Axon output:0;Pulses in queue:0;time:80;
Potential:0.0;Dendrite1:0;Dendrite2:0;Dendrite3:0;Dendrite4:0;Dendrite5:0;Axon output:0;Pulses in queue:0;time:82;
Potential:0.0;Dendrite1:0;Dendrite2:0;Dendrite3:0;Dendrite4:0;Dendrite5:0;Axon output:0;Pulses in queue:0;time:84;
Potential:0.0;Dendrite1:0;Dendrite2:0;Dendrite3:0;Dendrite4:0;Dendrite5:0;Axon output:0;Pulses in queue:0;time:86;
Potential:0.0;Dendrite1:0;Dendrite2:0;Dendrite3:0;Dendrite4:0;Dendrite5:0;Axon output:0;Pulses in queue:0;time:88;
Potential:0.0;Dendrite1:0;Dendrite2:0;Dendrite3:0;Dendrite4:0;Dendrite5:0;Axon output:0;Pulses in queue:0;time:90;
Potential:0.0;Dendrite1:0;Dendrite2:0;Dendrite3:0;Dendrite4:0;Dendrite5:0;Axon output:0;Pulses in queue:0;time:92;
Potential:0.0;Dendrite1:0;Dendrite2:0;Dendrite3:0;Dendrite4:0;Dendrite5:0;Axon output:0;Pulses in queue:0;time:94;
Potential:0.0;Dendrite1:0;Dendrite2:0;Dendrite3:0;Dendrite4:0;Dendrite5:0;Axon output:0;Pulses in queue:0;time:96;
Potential:0.0;Dendrite1:0;Dendrite2:0;Dendrite3:0;Dendrite4:0;Dendrite5:0;Axon output:0;Pulses in queue:0;time:98;
Potential:0.0;Dendrite1:0;Dendrite2:0;Dendrite3:0;Dendrite4:0;Dendrite5:0;Axon output:0;Pulses in queue:0;time:100;
Potential:0.0;Dendrite1:0;Dendrite2:0;Dendrite3:0;Dendrite4:0;Dendrite5:0;Axon output:0;Pulses in queue:0;time:102;
Potential:0.0;Dendrite1:0;Dendrite2:0;Dendrite3:0;Dendrite4:0;Dendrite5:0;Axon output:0;Pulses in queue:0;time:104;
Potential:0.0;Dendrite1:0;Dendrite2:0;Dendrite3:0;Dendrite4:0;Dendrite5:0;Axon output:0;Pulses in queue:0;time:106;
Potential:0.0;Dendrite1:0;Dendrite2:0;Dendrite3:0;Dendrite4:0;Dendrite5:0;Axon output:0;Pulses in queue:0;time:108;
Potential:0.0;Dendrite1:0;Dendrite2:0;Dendrite3:0;Dendrite4:0;Dendrite5:0;Axon output:0;Pulses in queue:0;time:110;
Potential:0.0;Dendrite1:0;Dendrite2:0;Dendrite3:0;Dendrite4:0;Dendrite5:0;Axon output:0;Pulses in queue:0;time:112;
Potential:0.0;Dendrite1:0;Dendrite2:0;Dendrite3:0;Dendrite4:0;Dendrite5:0;Axon output:0;Pulses in queue:0;time:114;
Potential:0.0;Dendrite1:0;Dendrite2:0;Dendrite3:0;Dendrite4:0;Dendrite5:0;Axon output:0;Pulses in queue:0;time:116;
Potential:0.0;Dendrite1:0;Dendrite2:0;Dendrite3:0;Dendrite4:0;Dendrite5:0;Axon output:0;Pulses in queue:0;time:118;
Potential:0.0;Dendrite1:0;Dendrite2:0;Dendrite3:0;Dendrite4:0;Dendrite5:0;Axon output:0;Pulses in queue:0;time:120;
Potential:0.0;Dendrite1:0;Dendrite2:0;Dendrite3:0;Dendrite4:0;Dendrite5:0;Axon output:0;Pulses in queue:0;time:122;
Potential:0.0;Dendrite1:0;Dendrite2:0;Dendrite3:0;Dendrite4:0;Dendrite5:0;Axon output:0;Pulses in queue:0;time:124;
Potential:0.0;Dendrite1:0;Dendrite2:0;Dendrite3:0;Dendrite4:0;Dendrite5:0;Axon output:0;Pulses in queue:0;time:126;
Potential:0.0;Dendrite1:0;Dendrite2:0;Dendrite3:0;Dendrite4:0;Dendrite5:0;Axon output:0;Pulses in queue:0;time:128;
Potential:0.0;Dendrite1:0;Dendrite2:0;Dendrite3:0;Dendrite4:0;Dendrite5:0;Axon output:0;Pulses in queue:0;time:130;
Potential:0.0;Dendrite1:0;Dendrite2:0;Dendrite3:0;Dendrite4:0;Dendrite5:0;Axon output:0;Pulses in queue:0;time:132;
Potential:0.0;Dendrite1:0;Dendrite2:0;Dendrite3:0;Dendrite4:0;Dendrite5:0;Axon output:0;Pulses in queue:0;time:134;
Potential:0.0;Dendrite1:0;Dendrite2:0;Dendrite3:0;Dendrite4:0;Dendrite5:0;Axon output:0;Pulses in queue:0;time:136;
Potential:0.0;Dendrite1:0;Dendrite2:0;Dendrite3:0;Dendrite4:0;Dendrite5:0;Axon output:0;Pulses in queue:0;time:138;
Potential:0.0;Dendrite1:0;Dendrite2:0;Dendrite3:0;Dendrite4:0;Dendrite5:0;Axon output:0;Pulses in queue:0;time:140;
Potential:0.0;Dendrite1:0;Dendrite2:0;Dendrite3:0;Dendrite4:0;Dendrite5:0;Axon output:0;Pulses in queue:0;time:142;
Potential:0.0;Dendrite1:0;Dendrite2:0;Dendrite3:0;Dendrite4:0;Dendrite5:0;Axon output:0;Pulses in queue:0;time:144;
Potential:0.0;Dendrite1:0;Dendrite2:0;Dendrite3:0;Dendrite4:0;Dendrite5:0;Axon output:0;Pulses in queue:0;time:146;
Potential:0.0;Dendrite1:0;Dendrite2:0;Dendrite3:0;Dendrite4:0;Dendrite5:0;Axon output:0;Pulses in queue:0;time:148;
Potential:0.0;Dendrite1:0;Dendrite2:0;Dendrite3:0;Dendrite4:0;Dendrite5:0;Axon output:0;Pulses in queue:0;time:150;
Potential:0.0;Dendrite1:0;Dendrite2:0;Dendrite3:0;Dendrite4:0;Dendrite5:0;Axon output:0;Pulses in queue:0;time:152;
Potential:0.0;Dendrite1:0;Dendrite2:0;Dendrite3:0;Dendrite4:0;Dendrite5:0;Axon output:0;Pulses in queue:0;time:154;
Potential:0.0;Dendrite1:0;Dendrite2:0;Dendrite3:0;Dendrite4:0;Dendrite5:0;Axon output:0;Pulses in queue:0;time:156;
Potential:0.0;Dendrite1:0;Dendrite2:0;Dendrite3:0;Dendrite4:0;Dendrite5:0;Axon output:0;Pulses in queue:0;time:158;
Potential:0.0;Dendrite1:0;Dendrite2:0;Dendrite3:0;Dendrite4:0;Dendrite5:0;Axon output:0;Pulses in queue:0;time:160;
Potential:0.0;Dendrite1:0;Dendrite2:0;Dendrite3:0;Dendrite4:0;Dendrite5:0;Axon output:0;Pulses in queue:0;time:162;
Potential:0.0;Dendrite1:0;Dendrite2:0;Dendrite3:0;Dendrite4:0;Dendrite5:0;Axon output:0;Pulses in queue:0;time:164;
Potential:0.0;Dendrite1:0;Dendrite2:0;Dendrite3:0;Dendrite4:0;Dendrite5:0;Axon output:0;Pulses in queue:0;time:166;
Potential:0.0;Dendrite1:0;Dendrite2:0;Dendrite3:0;Dendrite4:0;Dendrite5:0;Axon output:0;Pulses in queue:0;time:168;
Potential:0.0;Dendrite1:0;Dendrite2:0;Dendrite3:0;Dendrite4:0;Dendrite5:0;Axon output:0;Pulses in queue:0;time:170;
Potential:0.0;Dendrite1:48;Dendrite2:19;Dendrite3:128;Dendrite4:51;Dendrite5:24;Axon output:215;Pulses in queue:133;time:172;
Potential:10.0;Dendrite1:0;Dendrite2:0;Dendrite3:8;Dendrite4:0;Dendrite5:0;Axon output:215;Pulses in queue:133;time:174;
Potential:10.0;Dendrite1:0;Dendrite2:0;Dendrite3:0;Dendrite4:0;Dendrite5:0;Axon output:0;Pulses in queue:133;time:176;
Potential:10.0;Dendrite1:0;Dendrite2:0;Dendrite3:0;Dendrite4:0;Dendrite5:0;Axon output:0;Pulses in queue:133;time:178;
Potential:10.0;Dendrite1:0;Dendrite2:0;Dendrite3:0;Dendrite4:0;Dendrite5:0;Axon output:0;Pulses in queue:133;time:180;
Potential:10.0;Dendrite1:0;Dendrite2:0;Dendrite3:0;Dendrite4:0;Dendrite5:0;Axon output:0;Pulses in queue:133;time:182;
Potential:10.0;Dendrite1:0;Dendrite2:0;Dendrite3:0;Dendrite4:0;Dendrite5:0;Axon output:0;Pulses in queue:133;time:184;
Potential:10.0;Dendrite1:0;Dendrite2:0;Dendrite3:0;Dendrite4:0;Dendrite5:0;Axon output:0;Pulses in queue:133;time:186;
Potential:10.0;Dendrite1:0;Dendrite2:0;Dendrite3:0;Dendrite4:0;Dendrite5:0;Axon output:0;Pulses in queue:133;time:188;
Potential:10.0;Dendrite1:0;Dendrite2:0;Dendrite3:0;Dendrite4:0;Dendrite5:0;Axon output:0;Pulses in queue:133;time:190;
Potential:10.0;Dendrite1:0;Dendrite2:0;Dendrite3:0;Dendrite4:0;Dendrite5:0;Axon output:0;Pulses in queue:133;time:192;
Potential:10.0;Dendrite1:0;Dendrite2:0;Dendrite3:0;Dendrite4:0;Dendrite5:0;Axon output:0;Pulses in queue:133;time:194;
Potential:10.0;Dendrite1:0;Dendrite2:0;Dendrite3:0;Dendrite4:0;Dendrite5:0;Axon output:0;Pulses in queue:133;time:196;
Potential:10.0;Dendrite1:0;Dendrite2:0;Dendrite3:0;Dendrite4:0;Dendrite5:0;Axon output:0;Pulses in queue:133;time:198;
Potential:10.0;Dendrite1:0;Dendrite2:0;Dendrite3:0;Dendrite4:0;Dendrite5:0;Axon output:0;Pulses in queue:133;time:200;
Potential:10.0;Dendrite1:0;Dendrite2:0;Dendrite3:0;Dendrite4:0;Dendrite5:0;Axon output:0;Pulses in queue:133;time:202;
Potential:10.0;Dendrite1:0;Dendrite2:0;Dendrite3:0;Dendrite4:0;Dendrite5:0;Axon output:0;Pulses in queue:133;time:204;
Potential:10.0;Dendrite1:0;Dendrite2:0;Dendrite3:0;Dendrite4:0;Dendrite5:0;Axon output:0;Pulses in queue:133;time:206;
Potential:10.0;Dendrite1:0;Dendrite2:0;Dendrite3:0;Dendrite4:0;Dendrite5:0;Axon output:0;Pulses in queue:133;time:208;
Potential:10.0;Dendrite1:0;Dendrite2:0;Dendrite3:0;Dendrite4:0;Dendrite5:0;Axon output:0;Pulses in queue:133;time:210;
Potential:10.0;Dendrite1:0;Dendrite2:0;Dendrite3:0;Dendrite4:0;Dendrite5:0;Axon output:0;Pulses in queue:133;time:212;
Potential:10.0;Dendrite1:0;Dendrite2:0;Dendrite3:0;Dendrite4:0;Dendrite5:0;Axon output:0;Pulses in queue:133;time:214;
Potential:10.0;Dendrite1:0;Dendrite2:0;Dendrite3:0;Dendrite4:0;Dendrite5:0;Axon output:0;Pulses in queue:133;time:216;
Potential:10.0;Dendrite1:0;Dendrite2:0;Dendrite3:0;Dendrite4:0;Dendrite5:0;Axon output:0;Pulses in queue:133;time:218;
Potential:10.0;Dendrite1:0;Dendrite2:0;Dendrite3:0;Dendrite4:0;Dendrite5:0;Axon output:0;Pulses in queue:133;time:220;
Potential:10.0;Dendrite1:0;Dendrite2:0;Dendrite3:0;Dendrite4:0;Dendrite5:0;Axon output:0;Pulses in queue:133;time:222;
Potential:10.0;Dendrite1:0;Dendrite2:0;Dendrite3:0;Dendrite4:0;Dendrite5:0;Axon output:0;Pulses in queue:133;time:224;
Potential:10.0;Dendrite1:0;Dendrite2:0;Dendrite3:0;Dendrite4:0;Dendrite5:0;Axon output:0;Pulses in queue:133;time:226;
Potential:10.0;Dendrite1:0;Dendrite2:0;Dendrite3:0;Dendrite4:0;Dendrite5:0;Axon output:0;Pulses in queue:133;time:228;
Potential:10.0;Dendrite1:0;Dendrite2:0;Dendrite3:0;Dendrite4:0;Dendrite5:0;Axon output:0;Pulses in queue:133;time:230;
Potential:10.0;Dendrite1:0;Dendrite2:0;Dendrite3:0;Dendrite4:0;Dendrite5:0;Axon output:0;Pulses in queue:133;time:232;
Potential:10.0;Dendrite1:0;Dendrite2:0;Dendrite3:0;Dendrite4:0;Dendrite5:0;Axon output:0;Pulses in queue:133;time:234;
Potential:10.0;Dendrite1:0;Dendrite2:0;Dendrite3:0;Dendrite4:0;Dendrite5:0;Axon output:0;Pulses in queue:133;time:236;
Potential:10.0;Dendrite1:0;Dendrite2:0;Dendrite3:0;Dendrite4:0;Dendrite5:0;Axon output:0;Pulses in queue:133;time:238;
Potential:10.0;Dendrite1:0;Dendrite2:0;Dendrite3:0;Dendrite4:0;Dendrite5:0;Axon output:0;Pulses in queue:133;time:240;
Potential:10.0;Dendrite1:0;Dendrite2:0;Dendrite3:0;Dendrite4:0;Dendrite5:0;Axon output:0;Pulses in queue:133;time:242;
Potential:10.0;Dendrite1:0;Dendrite2:0;Dendrite3:0;Dendrite4:0;Dendrite5:0;Axon output:0;Pulses in queue:133;time:244;
Potential:10.0;Dendrite1:0;Dendrite2:0;Dendrite3:0;Dendrite4:0;Dendrite5:0;Axon output:0;Pulses in queue:133;time:246;
Potential:10.0;Dendrite1:0;Dendrite2:0;Dendrite3:0;Dendrite4:0;Dendrite5:0;Axon output:0;Pulses in queue:133;time:248;
Potential:10.0;Dendrite1:0;Dendrite2:0;Dendrite3:0;Dendrite4:0;Dendrite5:0;Axon output:0;Pulses in queue:133;time:250;
Potential:10.0;Dendrite1:0;Dendrite2:0;Dendrite3:0;Dendrite4:0;Dendrite5:0;Axon output:0;Pulses in queue:133;time:252;
Potential:10.0;Dendrite1:0;Dendrite2:0;Dendrite3:0;Dendrite4:0;Dendrite5:0;Axon output:0;Pulses in queue:133;time:254;
Potential:10.0;Dendrite1:0;Dendrite2:0;Dendrite3:0;Dendrite4:0;Dendrite5:0;Axon output:0;Pulses in queue:133;time:256;
Potential:10.0;Dendrite1:0;Dendrite2:0;Dendrite3:0;Dendrite4:0;Dendrite5:0;Axon output:0;Pulses in queue:133;time:258;
Potential:10.0;Dendrite1:0;Dendrite2:0;Dendrite3:0;Dendrite4:0;Dendrite5:0;Axon output:0;Pulses in queue:133;time:260;
Potential:10.0;Dendrite1:0;Dendrite2:0;Dendrite3:0;Dendrite4:0;Dendrite5:0;Axon output:0;Pulses in queue:133;time:262;
Potential:10.0;Dendrite1:0;Dendrite2:0;Dendrite3:0;Dendrite4:0;Dendrite5:0;Axon output:0;Pulses in queue:133;time:264;
Potential:10.0;Dendrite1:0;Dendrite2:0;Dendrite3:0;Dendrite4:0;Dendrite5:0;Axon output:0;Pulses in queue:133;time:266;
Potential:10.0;Dendrite1:0;Dendrite2:0;Dendrite3:0;Dendrite4:0;Dendrite5:0;Axon output:0;Pulses in queue:133;time:268;
Potential:10.0;Dendrite1:0;Dendrite2:0;Dendrite3:0;Dendrite4:0;Dendrite5:0;Axon output:0;Pulses in queue:133;time:270;
Potential:10.0;Dendrite1:0;Dendrite2:0;Dendrite3:0;Dendrite4:0;Dendrite5:0;Axon output:215;Pulses in queue:132;time:272;
Potential:10.0;Dendrite1:0;Dendrite2:0;Dendrite3:0;Dendrite4:0;Dendrite5:0;Axon output:215;Pulses in queue:132;time:274;
Potential:10.0;Dendrite1:0;Dendrite2:0;Dendrite3:0;Dendrite4:0;Dendrite5:0;Axon output:0;Pulses in queue:132;time:276;
Potential:10.0;Dendrite1:0;Dendrite2:0;Dendrite3:0;Dendrite4:0;Dendrite5:0;Axon output:0;Pulses in queue:132;time:278;
Potential:10.0;Dendrite1:0;Dendrite2:0;Dendrite3:0;Dendrite4:0;Dendrite5:0;Axon output:0;Pulses in queue:132;time:280;
Potential:10.0;Dendrite1:0;Dendrite2:0;Dendrite3:0;Dendrite4:0;Dendrite5:0;Axon output:0;Pulses in queue:132;time:282;
Potential:10.0;Dendrite1:0;Dendrite2:0;Dendrite3:0;Dendrite4:0;Dendrite5:0;Axon output:0;Pulses in queue:132;time:284;
Potential:10.0;Dendrite1:0;Dendrite2:0;Dendrite3:0;Dendrite4:0;Dendrite5:0;Axon output:0;Pulses in queue:132;time:286;
Potential:10.0;Dendrite1:0;Dendrite2:0;Dendrite3:0;Dendrite4:0;Dendrite5:0;Axon output:0;Pulses in queue:132;time:288;
Potential:10.0;Dendrite1:0;Dendrite2:0;Dendrite3:0;Dendrite4:0;Dendrite5:0;Axon output:0;Pulses in queue:132;time:290;
Potential:10.0;Dendrite1:0;Dendrite2:0;Dendrite3:0;Dendrite4:0;Dendrite5:0;Axon output:0;Pulses in queue:132;time:292;
Potential:10.0;Dendrite1:0;Dendrite2:0;Dendrite3:0;Dendrite4:0;Dendrite5:0;Axon output:0;Pulses in queue:132;time:294;
Potential:10.0;Dendrite1:0;Dendrite2:0;Dendrite3:0;Dendrite4:0;Dendrite5:0;Axon output:0;Pulses in queue:132;time:296;
Potential:10.0;Dendrite1:0;Dendrite2:0;Dendrite3:0;Dendrite4:0;Dendrite5:0;Axon output:0;Pulses in queue:132;time:298;
Potential:10.0;Dendrite1:0;Dendrite2:0;Dendrite3:0;Dendrite4:0;Dendrite5:0;Axon output:0;Pulses in queue:132;time:300;
Potential:10.0;Dendrite1:0;Dendrite2:0;Dendrite3:0;Dendrite4:0;Dendrite5:0;Axon output:0;Pulses in queue:132;time:302;
Potential:10.0;Dendrite1:0;Dendrite2:0;Dendrite3:0;Dendrite4:0;Dendrite5:0;Axon output:0;Pulses in queue:132;time:304;
Potential:10.0;Dendrite1:0;Dendrite2:0;Dendrite3:0;Dendrite4:0;Dendrite5:0;Axon output:0;Pulses in queue:132;time:306;
Potential:10.0;Dendrite1:0;Dendrite2:0;Dendrite3:0;Dendrite4:0;Dendrite5:0;Axon output:0;Pulses in queue:132;time:308;
Potential:10.0;Dendrite1:0;Dendrite2:0;Dendrite3:0;Dendrite4:0;Dendrite5:0;Axon output:0;Pulses in queue:132;time:310;
Potential:10.0;Dendrite1:0;Dendrite2:0;Dendrite3:0;Dendrite4:0;Dendrite5:0;Axon output:0;Pulses in queue:132;time:312;
Potential:10.0;Dendrite1:0;Dendrite2:0;Dendrite3:0;Dendrite4:0;Dendrite5:0;Axon output:0;Pulses in queue:132;time:314;
Potential:10.0;Dendrite1:0;Dendrite2:0;Dendrite3:0;Dendrite4:0;Dendrite5:0;Axon output:0;Pulses in queue:132;time:316;
Potential:10.0;Dendrite1:0;Dendrite2:0;Dendrite3:0;Dendrite4:0;Dendrite5:0;Axon output:0;Pulses in queue:132;time:318;
Potential:10.0;Dendrite1:0;Dendrite2:0;Dendrite3:0;Dendrite4:0;Dendrite5:0;Axon output:0;Pulses in queue:132;time:320;
Potential:10.0;Dendrite1:0;Dendrite2:0;Dendrite3:0;Dendrite4:0;Dendrite5:0;Axon output:0;Pulses in queue:132;time:322;
Potential:10.0;Dendrite1:0;Dendrite2:0;Dendrite3:0;Dendrite4:0;Dendrite5:0;Axon output:0;Pulses in queue:132;time:324;
Potential:10.0;Dendrite1:0;Dendrite2:0;Dendrite3:0;Dendrite4:0;Dendrite5:0;Axon output:0;Pulses in queue:132;time:326;
Potential:10.0;Dendrite1:0;Dendrite2:0;Dendrite3:0;Dendrite4:0;Dendrite5:0;Axon output:0;Pulses in queue:132;time:328;
Potential:10.0;Dendrite1:0;Dendrite2:0;Dendrite3:0;Dendrite4:0;Dendrite5:0;Axon output:0;Pulses in queue:132;time:330;
Potential:10.0;Dendrite1:0;Dendrite2:0;Dendrite3:0;Dendrite4:0;Dendrite5:0;Axon output:0;Pulses in queue:132;time:332;
Potential:10.0;Dendrite1:0;Dendrite2:0;Dendrite3:0;Dendrite4:0;Dendrite5:0;Axon output:0;Pulses in queue:132;time:334;
Potential:10.0;Dendrite1:0;Dendrite2:0;Dendrite3:0;Dendrite4:0;Dendrite5:0;Axon output:0;Pulses in queue:132;time:336;
Potential:10.0;Dendrite1:0;Dendrite2:0;Dendrite3:0;Dendrite4:0;Dendrite5:0;Axon output:0;Pulses in queue:132;time:338;
Potential:10.0;Dendrite1:0;Dendrite2:0;Dendrite3:0;Dendrite4:0;Dendrite5:0;Axon output:0;Pulses in queue:132;time:340;
Potential:10.0;Dendrite1:0;Dendrite2:0;Dendrite3:0;Dendrite4:0;Dendrite5:0;Axon output:0;Pulses in queue:132;time:342;
Potential:10.0;Dendrite1:0;Dendrite2:0;Dendrite3:0;Dendrite4:0;Dendrite5:0;Axon output:0;Pulses in queue:132;time:344;
Potential:10.0;Dendrite1:0;Dendrite2:0;Dendrite3:0;Dendrite4:0;Dendrite5:0;Axon output:0;Pulses in queue:132;time:346;
Potential:10.0;Dendrite1:0;Dendrite2:0;Dendrite3:0;Dendrite4:0;Dendrite5:0;Axon output:0;Pulses in queue:132;time:348;
Potential:10.0;Dendrite1:0;Dendrite2:0;Dendrite3:0;Dendrite4:0;Dendrite5:0;Axon output:0;Pulses in queue:132;time:350;
Potential:10.0;Dendrite1:0;Dendrite2:0;Dendrite3:0;Dendrite4:0;Dendrite5:0;Axon output:0;Pulses in queue:132;time:352;
Potential:10.0;Dendrite1:0;Dendrite2:0;Dendrite3:0;Dendrite4:0;Dendrite5:0;Axon output:0;Pulses in queue:132;time:354;
Potential:10.0;Dendrite1:0;Dendrite2:0;Dendrite3:0;Dendrite4:0;Dendrite5:0;Axon output:0;Pulses in queue:132;time:356;
Potential:10.0;Dendrite1:0;Dendrite2:0;Dendrite3:0;Dendrite4:0;Dendrite5:0;Axon output:0;Pulses in queue:132;time:358;
Potential:10.0;Dendrite1:0;Dendrite2:0;Dendrite3:0;Dendrite4:0;Dendrite5:0;Axon output:0;Pulses in queue:132;time:360;
Potential:10.0;Dendrite1:0;Dendrite2:0;Dendrite3:0;Dendrite4:0;Dendrite5:0;Axon output:0;Pulses in queue:132;time:362;
Potential:10.0;Dendrite1:0;Dendrite2:0;Dendrite3:0;Dendrite4:0;Dendrite5:0;Axon output:0;Pulses in queue:132;time:364;
Potential:10.0;Dendrite1:0;Dendrite2:0;Dendrite3:0;Dendrite4:0;Dendrite5:0;Axon output:0;Pulses in queue:132;time:366;
Potential:10.0;Dendrite1:0;Dendrite2:0;Dendrite3:0;Dendrite4:0;Dendrite5:0;Axon output:0;Pulses in queue:132;time:368;
Potential:10.0;Dendrite1:0;Dendrite2:0;Dendrite3:0;Dendrite4:0;Dendrite5:0;Axon output:0;Pulses in queue:132;time:370;
Potential:10.0;Dendrite1:0;Dendrite2:0;Dendrite3:0;Dendrite4:0;Dendrite5:0;Axon output:0;Pulses in queue:132;time:372;
Potential:10.0;Dendrite1:0;Dendrite2:0;Dendrite3:0;Dendrite4:0;Dendrite5:0;Axon output:0;Pulses in queue:132;time:374;
Potential:10.0;Dendrite1:0;Dendrite2:0;Dendrite3:0;Dendrite4:0;Dendrite5:0;Axon output:0;Pulses in queue:132;time:376;
Potential:10.0;Dendrite1:0;Dendrite2:0;Dendrite3:0;Dendrite4:0;Dendrite5:0;Axon output:0;Pulses in queue:132;time:378;
Potential:10.0;Dendrite1:0;Dendrite2:0;Dendrite3:0;Dendrite4:0;Dendrite5:0;Axon output:0;Pulses in queue:132;time:380;
Potential:10.0;Dendrite1:0;Dendrite2:0;Dendrite3:0;Dendrite4:0;Dendrite5:0;Axon output:0;Pulses in queue:132;time:382;
Potential:10.0;Dendrite1:0;Dendrite2:0;Dendrite3:0;Dendrite4:0;Dendrite5:0;Axon output:0;Pulses in queue:132;time:384;
Potential:10.0;Dendrite1:0;Dendrite2:0;Dendrite3:0;Dendrite4:0;Dendrite5:0;Axon output:0;Pulses in queue:132;time:386;
Potential:10.0;Dendrite1:0;Dendrite2:0;Dendrite3:0;Dendrite4:0;Dendrite5:0;Axon output:0;Pulses in queue:132;time:388;
Potential:10.0;Dendrite1:0;Dendrite2:0;Dendrite3:0;Dendrite4:0;Dendrite5:0;Axon output:0;Pulses in queue:132;time:390;
Potential:10.0;Dendrite1:0;Dendrite2:0;Dendrite3:0;Dendrite4:0;Dendrite5:0;Axon output:0;Pulses in queue:132;time:392;
Potential:10.0;Dendrite1:0;Dendrite2:0;Dendrite3:0;Dendrite4:0;Dendrite5:0;Axon output:0;Pulses in queue:132;time:394;
Potential:10.0;Dendrite1:0;Dendrite2:0;Dendrite3:0;Dendrite4:0;Dendrite5:0;Axon output:0;Pulses in queue:132;time:396;
Potential:10.0;Dendrite1:0;Dendrite2:0;Dendrite3:0;Dendrite4:0;Dendrite5:0;Axon output:0;Pulses in queue:132;time:398;
Potential:10.0;Dendrite1:0;Dendrite2:0;Dendrite3:0;Dendrite4:0;Dendrite5:0;Axon output:0;Pulses in queue:132;time:400;
Potential:10.0;Dendrite1:0;Dendrite2:0;Dendrite3:0;Dendrite4:0;Dendrite5:0;Axon output:0;Pulses in queue:132;time:402;
Potential:10.0;Dendrite1:0;Dendrite2:0;Dendrite3:0;Dendrite4:0;Dendrite5:0;Axon output:0;Pulses in queue:132;time:404;
Potential:10.0;Dendrite1:0;Dendrite2:0;Dendrite3:0;Dendrite4:0;Dendrite5:0;Axon output:0;Pulses in queue:132;time:406;
